Gene,UniProt_ID,Probability,Prediction,Confidence
ARID2,Q68CP9,0.9958,INTERACTOR,High
PHF8,Q9UPP1,0.9954,INTERACTOR,High
EPC1,Q9H2F5,0.9951,INTERACTOR,High
PHF23,Q9BUL5,0.9951,INTERACTOR,High
CHD8,Q9HCK8,0.9945,INTERACTOR,High
ACTR3B,Q9P1U1,0.9941,INTERACTOR,High
EPC2,Q52LR7,0.994,INTERACTOR,High
RGP1,Q92546,0.9938,INTERACTOR,High
TBRG1,Q3YBR2,0.9935,INTERACTOR,High
SP2,Q02086,0.9933,INTERACTOR,High
RFX1,P22670,0.993,INTERACTOR,High
TAB1,Q15750,0.9928,INTERACTOR,High
LIN54,Q6MZP7,0.9915,INTERACTOR,High
DMTF1,Q9Y222,0.9914,INTERACTOR,High
MLLT10,P55197,0.9911,INTERACTOR,High
C2CD2L,O14523,0.991,INTERACTOR,High
DIP2B,Q9P265,0.9901,INTERACTOR,High
MED1,Q15648,0.9901,INTERACTOR,High
RERE,Q9P2R6,0.9899,INTERACTOR,High
PHC1,P78364,0.9897,INTERACTOR,High
UBN1,Q9NPG3,0.9882,INTERACTOR,High
SH2B1,Q9NRF2,0.9882,INTERACTOR,High
BRD9,Q9H8M2,0.9882,INTERACTOR,High
BRPF1,P55201,0.9861,INTERACTOR,High
AMBRA1,Q9C0C7,0.985,INTERACTOR,High
MKS1,Q9NXB0,0.984,INTERACTOR,High
SMG9,Q9H0W8,0.9839,INTERACTOR,High
NCOA2,Q15596,0.9837,INTERACTOR,High
DAGLA,Q9Y4D2,0.9833,INTERACTOR,High
ZNF609,O15014,0.9823,INTERACTOR,High
FRMD8,Q9BZ67,0.9812,INTERACTOR,High
SPINDOC,Q9BUA3,0.981,INTERACTOR,High
DAXX,Q9UER7,0.981,INTERACTOR,High
TAF15,Q16514,0.9803,INTERACTOR,High
BRD7,Q9NPI1,0.9801,INTERACTOR,High
ZNF384,Q8TF68,0.98,INTERACTOR,High
BRPF3,Q9ULD4,0.9796,INTERACTOR,High
RELT,Q969Z4,0.9791,INTERACTOR,High
MNT,Q99583,0.9791,INTERACTOR,High
SUPT20H,Q8NEM7,0.9787,INTERACTOR,High
HMGXB4,Q9UGU5,0.9786,INTERACTOR,High
SMARCC2,Q8TAQ2,0.9777,INTERACTOR,High
SMARCD1,Q96GM5,0.9773,INTERACTOR,High
PATZ1,Q9HBE1,0.9764,INTERACTOR,High
USF2,Q15853,0.9761,INTERACTOR,High
GAPVD1,Q14C86,0.9729,INTERACTOR,High
BICRA,Q9NZM4,0.9719,INTERACTOR,High
DYNC1LI2,O43237,0.9701,INTERACTOR,High
ZNRF1,Q8ND25,0.9698,INTERACTOR,High
MED19,A0JLT2,0.9694,INTERACTOR,High
MECP2,P51608,0.9688,INTERACTOR,High
BAG6,P46379,0.9681,INTERACTOR,High
CALM3,P0DP25,0.9654,INTERACTOR,High
NFATC3,Q12968,0.9631,INTERACTOR,High
CNKSR1,Q969H4,0.962,INTERACTOR,High
HIPK2,Q9H2X6,0.9605,INTERACTOR,High
RFXAP,O00287,0.9594,INTERACTOR,High
CHD3,Q12873,0.9592,INTERACTOR,High
FAM193A,P78312,0.9572,INTERACTOR,High
ERCC6,Q03468,0.9568,INTERACTOR,High
TBC1D16,Q8TBP0,0.9553,INTERACTOR,High
TP53,P04637,0.955,INTERACTOR,High
NFYA,P23511,0.9548,INTERACTOR,High
TAF6L,Q9Y6J9,0.954,INTERACTOR,High
RGS12,O14924,0.9531,INTERACTOR,High
CSRNP2,Q9H175,0.9526,INTERACTOR,High
FBXL19,Q6PCT2,0.9506,INTERACTOR,High
PRDM4,Q9UKN5,0.9483,INTERACTOR,High
SPHK2,Q9NRA0,0.9477,INTERACTOR,High
BAZ1A,Q9NRL2,0.9447,INTERACTOR,High
ZNF653,Q96CK0,0.9433,INTERACTOR,High
IKZF4,Q9H2S9,0.9417,INTERACTOR,High
TMEM94,Q12767,0.9401,INTERACTOR,High
CHTF18,Q8WVB6,0.9391,INTERACTOR,High
TCF19,Q9Y242,0.9375,INTERACTOR,High
FUZ,Q9BT04,0.9372,INTERACTOR,High
RAB11B,Q15907,0.9354,INTERACTOR,High
E2F4,Q16254,0.9353,INTERACTOR,High
FERRY3,Q9NQ89,0.9343,INTERACTOR,High
GON4L,Q3T8J9,0.9334,INTERACTOR,High
CRAMP1,Q96RY5,0.932,INTERACTOR,High
EP300,Q09472,0.9312,INTERACTOR,High
TARBP2,Q15633,0.9311,INTERACTOR,High
TMEM201,Q5SNT2,0.9306,INTERACTOR,High
IFFO1,Q0D2I5,0.9302,INTERACTOR,High
MSL3,Q8N5Y2,0.9291,INTERACTOR,High
SPECC1L,Q69YQ0,0.919,INTERACTOR,High
NCOR1,O75376,0.9162,INTERACTOR,High
CASC3,O15234,0.9157,INTERACTOR,High
EZH2,Q15910,0.9153,INTERACTOR,High
EIF4ENIF1,Q9NRA8,0.9135,INTERACTOR,High
ARID1B,Q8NFD5,0.91,INTERACTOR,High
ZBTB12,Q9Y330,0.91,INTERACTOR,High
TJAP1,Q5JTD0,0.9025,INTERACTOR,High
CCDC120,Q96HB5,0.9007,INTERACTOR,High
RAVER1,Q8IY67,0.8941,INTERACTOR,High
EIF4EBP2,Q13542,0.8929,INTERACTOR,High
MSANTD2,Q6P1R3,0.8833,INTERACTOR,High
ITFG2,Q969R8,0.8755,INTERACTOR,High
FOXM1,Q08050,0.8755,INTERACTOR,High
POU2F1,P14859,0.8742,INTERACTOR,High
PRR4,Q96NY8,0.8731,INTERACTOR,High
PIK3C2B,O00750,0.8726,INTERACTOR,High
RHBDD3,Q9Y3P4,0.8689,INTERACTOR,High
KCTD15,Q96SI1,0.8659,INTERACTOR,High
SATB1,Q01826,0.8643,INTERACTOR,High
EMC8,O43402,0.8599,INTERACTOR,High
CLOCK,O15516,0.8564,INTERACTOR,High
TENM4,Q6N022,0.844,INTERACTOR,High
WIZ,O95785,0.844,INTERACTOR,High
PRR12,Q9ULL5,0.843,INTERACTOR,High
DGCR6L,Q9BY27,0.8345,INTERACTOR,High
ATXN7L3,Q14CW9,0.8288,INTERACTOR,High
SAMD4B,Q5PRF9,0.828,INTERACTOR,High
INIP,Q9NRY2,0.8279,INTERACTOR,High
GSK3A,P49840,0.8268,INTERACTOR,High
SLAIN2,Q9P270,0.8252,INTERACTOR,High
CBARP,Q8N350,0.8238,INTERACTOR,High
MAFG,O15525,0.8232,INTERACTOR,High
TCF7,P36402,0.8215,INTERACTOR,High
NPHP4,O75161,0.8213,INTERACTOR,High
TAOK2,Q9UL54,0.821,INTERACTOR,High
FAM222B,Q8WU58,0.8168,INTERACTOR,High
CHTOP,Q9Y3Y2,0.8127,INTERACTOR,High
CAVIN4,Q5BKX8,0.8123,INTERACTOR,High
PBRM1,Q86U86,0.8093,INTERACTOR,High
KLF7,O75840,0.809,INTERACTOR,High
PPM1F,P49593,0.801,INTERACTOR,High
STRN4,Q9NRL3,0.7998,INTERACTOR,High
CCDC142,Q17RM4,0.7932,INTERACTOR,High
RPH3AL,Q9UNE2,0.7886,INTERACTOR,High
GTPBP3,Q969Y2,0.7805,INTERACTOR,High
CNTROB,Q8N137,0.776,INTERACTOR,High
ZFHX3,Q15911,0.7759,INTERACTOR,High
MTX3,Q5HYI7,0.7749,INTERACTOR,High
VPS52,Q8N1B4,0.7747,INTERACTOR,High
PIAS1,O75925,0.7738,INTERACTOR,High
AKAP10,O43572,0.7727,INTERACTOR,High
DEPDC5,O75140,0.7708,INTERACTOR,High
PHRF1,Q9P1Y6,0.7594,INTERACTOR,High
DNAJC11,Q9NVH1,0.759,INTERACTOR,High
GARRE1,O15063,0.7541,INTERACTOR,High
MAPK8IP3,Q9UPT6,0.7514,INTERACTOR,High
NCOA5,Q9HCD5,0.7498,INTERACTOR,High
VPS53,Q5VIR6,0.7474,INTERACTOR,High
RHOT2,Q8IXI1,0.7468,INTERACTOR,High
ASCC2,Q9H1I8,0.7447,INTERACTOR,High
SUV39H1,O43463,0.7392,INTERACTOR,High
CTBP1,Q13363,0.7376,INTERACTOR,High
INPP5E,Q9NRR6,0.7353,INTERACTOR,High
PCGF6,Q9BYE7,0.7318,INTERACTOR,High
UBXN11,Q5T124,0.7305,INTERACTOR,High
MAPK7,Q13164,0.7265,INTERACTOR,High
INTS6L,Q5JSJ4,0.7185,INTERACTOR,High
B4GALNT1,Q00973,0.7165,INTERACTOR,High
GPATCH3,Q96I76,0.7083,INTERACTOR,High
ANKRD17,O75179,0.6935,INTERACTOR,High
E2F3,O00716,0.6915,INTERACTOR,High
NEURL4,Q96JN8,0.6766,INTERACTOR,High
BRD1,O95696,0.6744,INTERACTOR,High
DAB2IP,Q5VWQ8,0.673,INTERACTOR,High
BRD3,Q15059,0.6695,INTERACTOR,High
PDF,Q9HBH1,0.6695,INTERACTOR,High
LIN9,Q5TKA1,0.6694,INTERACTOR,High
SETD1B,Q9UPS6,0.6674,INTERACTOR,High
SIRT6,Q8N6T7,0.6613,INTERACTOR,High
SMCR8,Q8TEV9,0.6573,INTERACTOR,High
ASXL1,Q8IXJ9,0.6547,INTERACTOR,High
KDM1A,O60341,0.6487,INTERACTOR,High
NKIRAS2,Q9NYR9,0.6346,INTERACTOR,High
DYNC2I2,Q96EX3,0.634,INTERACTOR,High
CREBL2,O60519,0.6335,INTERACTOR,High
DOK3,Q7L591,0.6323,INTERACTOR,High
ARMC5,Q96C12,0.6323,INTERACTOR,High
RECQL4,O94761,0.6308,INTERACTOR,High
DRC3,Q8TE68,0.63,INTERACTOR,High
KLHDC4,Q8TBB5,0.6228,INTERACTOR,High
VPS50,Q96JG6,0.6222,INTERACTOR,High
KIF3A,Q9Y496,0.6153,INTERACTOR,High
ERCC4,Q92889,0.6048,INTERACTOR,High
WDR81,Q562E7,0.6034,INTERACTOR,High
CTC1,Q2NKJ3,0.6032,INTERACTOR,High
TLNRD1,Q9H1K6,0.6008,INTERACTOR,High
TLX2,O43763,0.5982,INTERACTOR,High
YAF2,Q8IY57,0.5941,INTERACTOR,High
DDI2,Q5TDH0,0.5897,INTERACTOR,High
MCOLN1,Q9GZU1,0.5874,INTERACTOR,High
PRR14,Q9BWN1,0.5826,INTERACTOR,High
USP54,Q70EL1,0.582,INTERACTOR,High
SMARCA5,O60264,0.5784,INTERACTOR,Medium
TAF3,Q5VWG9,0.5776,INTERACTOR,Medium
CHD7,Q9P2D1,0.5759,INTERACTOR,Medium
ARVCF,O00192,0.5744,INTERACTOR,Medium
L3MBTL2,Q969R5,0.574,INTERACTOR,Medium
MON1B,Q7L1V2,0.5733,INTERACTOR,Medium
SANBR,Q6NSI8,0.5717,INTERACTOR,Medium
SLC4A7,Q9Y6M7,0.5712,INTERACTOR,Medium
RBL1,P28749,0.5691,INTERACTOR,Medium
RNASEH2A,O75792,0.5673,INTERACTOR,Medium
MGA,Q8IWI9,0.5621,INTERACTOR,Medium
GATAD2A,Q86YP4,0.5599,INTERACTOR,Medium
RAB15,P59190,0.5487,INTERACTOR,Medium
PHACTR4,Q8IZ21,0.5455,INTERACTOR,Medium
KIF26A,Q9ULI4,0.5296,INTERACTOR,Medium
TRIM33,Q9UPN9,0.5248,INTERACTOR,Medium
COG6,Q9Y2V7,0.5175,INTERACTOR,Medium
RANBP10,Q6VN20,0.5099,INTERACTOR,Medium
JARID2,Q92833,0.4997,INTERACTOR,Medium
AP1AR,Q63HQ0,0.4958,INTERACTOR,Medium
RPGRIP1L,Q68CZ1,0.4952,INTERACTOR,Medium
CNPPD1,Q9BV87,0.4947,INTERACTOR,Medium
ZC3HC1,Q86WB0,0.4924,INTERACTOR,Medium
ZNF276,Q8N554,0.489,INTERACTOR,Medium
APC,P25054,0.4854,INTERACTOR,Medium
ARHGEF18,Q6ZSZ5,0.4853,INTERACTOR,Medium
ATAT1,Q5SQI0,0.4812,INTERACTOR,Medium
GIGYF1,O75420,0.479,INTERACTOR,Medium
ARID1A,O14497,0.4758,INTERACTOR,Medium
PSPC1,Q8WXF1,0.4708,INTERACTOR,Medium
WRAP53,Q9BUR4,0.4693,INTERACTOR,Medium
CLUH,O75153,0.4683,INTERACTOR,Medium
WDR59,Q6PJI9,0.4681,INTERACTOR,Medium
RB1,P06400,0.4671,INTERACTOR,Medium
ARL3,P36405,0.454,INTERACTOR,Medium
RABEP2,Q9H5N1,0.4514,INTERACTOR,Medium
ESAM,Q96AP7,0.4453,INTERACTOR,Medium
DDA1,Q9BW61,0.4415,INTERACTOR,Medium
TBC1D9,Q6ZT07,0.4414,INTERACTOR,Medium
CACNB4,O00305,0.4387,INTERACTOR,Medium
GATD1,Q8NB37,0.4371,INTERACTOR,Medium
UBAC1,Q9BSL1,0.4345,INTERACTOR,Medium
EDC3,Q96F86,0.4296,INTERACTOR,Medium
MAP2K7,O14733,0.4167,INTERACTOR,Medium
ALKBH4,Q9NXW9,0.4139,INTERACTOR,Medium
MAEA,Q7L5Y9,0.4134,INTERACTOR,Medium
UBE2O,Q9C0C9,0.4132,INTERACTOR,Medium
NCBP3,Q53F19,0.4104,INTERACTOR,Medium
MIIP,Q5JXC2,0.395,INTERACTOR,Medium
CTXN1,P60606,0.3911,INTERACTOR,Medium
CHD2,O14647,0.3889,INTERACTOR,Medium
BAZ1B,Q9UIG0,0.3873,INTERACTOR,Medium
RABIF,P47224,0.3847,INTERACTOR,Medium
DCHS1,Q96JQ0,0.3832,INTERACTOR,Medium
GIT1,Q9Y2X7,0.3817,INTERACTOR,Medium
SZRD1,Q7Z422,0.3795,INTERACTOR,Low
PIP4K2B,P78356,0.3765,INTERACTOR,Low
WDR73,Q6P4I2,0.3759,INTERACTOR,Low
CBX2,Q14781,0.3753,INTERACTOR,Low
TMEM80,Q96HE8,0.3638,INTERACTOR,Low
FAM219A,Q8IW50,0.3634,INTERACTOR,Low
RBM10,P98175,0.3601,INTERACTOR,Low
PRRC2B,Q5JSZ5,0.3549,INTERACTOR,Low
CROCC,Q5TZA2,0.3513,INTERACTOR,Low
MSL1,Q68DK7,0.3493,INTERACTOR,Low
RETREG3,Q86VR2,0.3478,INTERACTOR,Low
DVL1,O14640,0.3452,INTERACTOR,Low
SLX4,Q8IY92,0.3442,INTERACTOR,Low
ARHGAP39,Q9C0H5,0.3438,INTERACTOR,Low
ZNF710,Q8N1W2,0.3401,INTERACTOR,Low
AMOTL1,Q8IY63,0.3342,INTERACTOR,Low
CHMP1A,Q9HD42,0.3334,INTERACTOR,Low
SETD7,Q8WTS6,0.3326,INTERACTOR,Low
IL18BP,O95998,0.3263,INTERACTOR,Low
PEX5,P50542,0.3228,INTERACTOR,Low
RAPGEF1,Q13905,0.316,INTERACTOR,Low
TTLL12,Q14166,0.3136,INTERACTOR,Low
CCNF,P41002,0.3123,INTERACTOR,Low
DENND11,A4D1U4,0.3073,INTERACTOR,Low
DYNC1LI1,Q9Y6G9,0.3052,INTERACTOR,Low
RARA,P10276,0.3003,INTERACTOR,Low
PSME3,P61289,0.2981,INTERACTOR,Low
MATCAP1,Q68EN5,0.2938,INTERACTOR,Low
CLPX,O76031,0.2937,INTERACTOR,Low
CAMSAP2,Q08AD1,0.2845,INTERACTOR,Low
NCKAP5L,Q9HCH0,0.2837,INTERACTOR,Low
RNF38,Q9H0F5,0.2832,INTERACTOR,Low
HP1BP3,Q5SSJ5,0.2804,INTERACTOR,Low
CBL,P22681,0.2793,NON-INTERACTOR,Low
PDE7A,Q13946,0.2788,NON-INTERACTOR,Low
NF2,P35240,0.2775,NON-INTERACTOR,Low
PRPSAP2,O60256,0.2752,NON-INTERACTOR,Low
DDX19A,Q9NUU7,0.2707,NON-INTERACTOR,Low
TMEM237,Q96Q45,0.2697,NON-INTERACTOR,Low
CAPN15,O75808,0.2658,NON-INTERACTOR,Low
SAP30,O75446,0.2633,NON-INTERACTOR,Low
TRABD,Q9H4I3,0.262,NON-INTERACTOR,Low
PIF1,Q9H611,0.261,NON-INTERACTOR,Low
LLGL1,Q15334,0.2594,NON-INTERACTOR,Low
LYSMD4,Q5XG99,0.2582,NON-INTERACTOR,Low
CEP76,Q8TAP6,0.2568,NON-INTERACTOR,Low
PRDM15,P57071,0.2561,NON-INTERACTOR,Low
BORCS6,Q96GS4,0.2558,NON-INTERACTOR,Low
BCR,P11274,0.255,NON-INTERACTOR,Low
KDM5C,P41229,0.2549,NON-INTERACTOR,Low
ZNF740,Q8NDX6,0.2548,NON-INTERACTOR,Low
BAZ2A,Q9UIF9,0.2538,NON-INTERACTOR,Low
PICK1,Q9NRD5,0.253,NON-INTERACTOR,Low
MLX,Q9UH92,0.2527,NON-INTERACTOR,Low
SLC25A13,Q9UJS0,0.2519,NON-INTERACTOR,Low
CCDC47,Q96A33,0.2448,NON-INTERACTOR,Low
POC5,Q8NA72,0.2447,NON-INTERACTOR,Low
WAC,Q9BTA9,0.2438,NON-INTERACTOR,Low
PHOX2B,Q99453,0.2433,NON-INTERACTOR,Low
KIF22,Q14807,0.2415,NON-INTERACTOR,Low
KSR1,Q8IVT5,0.2414,NON-INTERACTOR,Low
E2F7,Q96AV8,0.2397,NON-INTERACTOR,Low
SPIRE1,Q08AE8,0.2327,NON-INTERACTOR,Low
PLEKHM2,Q8IWE5,0.2243,NON-INTERACTOR,Low
TENT4A,Q5XG87,0.2242,NON-INTERACTOR,Low
SCFD2,Q8WU76,0.2231,NON-INTERACTOR,Low
WDR90,Q96KV7,0.2226,NON-INTERACTOR,Low
SOCS7,O14512,0.2218,NON-INTERACTOR,Low
MED15,Q96RN5,0.2192,NON-INTERACTOR,Low
STAT5B,P51692,0.2168,NON-INTERACTOR,Low
HECTD4,Q9Y4D8,0.2155,NON-INTERACTOR,Low
EIF5AL1,Q6IS14,0.2127,NON-INTERACTOR,Low
PHF20L1,A8MW92,0.2126,NON-INTERACTOR,Low
MYH10,P35580,0.2113,NON-INTERACTOR,Low
CCNT1,O60563,0.2105,NON-INTERACTOR,Low
GPS2,Q13227,0.2056,NON-INTERACTOR,Low
BRAT1,Q6PJG6,0.2056,NON-INTERACTOR,Low
WAPL,Q7Z5K2,0.2047,NON-INTERACTOR,Low
MBD3,O95983,0.1995,NON-INTERACTOR,Low
LIME1,Q9H400,0.1981,NON-INTERACTOR,Low
UBE2K,P61086,0.1963,NON-INTERACTOR,Low
ORC2,Q13416,0.1947,NON-INTERACTOR,Low
TBCCD1,Q9NVR7,0.1932,NON-INTERACTOR,Low
TLE4,Q04727,0.1923,NON-INTERACTOR,Low
PUM1,Q14671,0.1866,NON-INTERACTOR,Low
DCAF12,Q5T6F0,0.1845,NON-INTERACTOR,Low
ARHGAP19,Q14CB8,0.1844,NON-INTERACTOR,Low
TP53BP2,Q13625,0.1832,NON-INTERACTOR,Low
MTA2,O94776,0.1821,NON-INTERACTOR,Low
MEX3A,A1L020,0.1786,NON-INTERACTOR,Medium
CDK8,P49336,0.1755,NON-INTERACTOR,Medium
GGA1,Q9UJY5,0.1748,NON-INTERACTOR,Medium
PRDM2,Q13029,0.1746,NON-INTERACTOR,Medium
TBC1D14,Q9P2M4,0.1739,NON-INTERACTOR,Medium
WDR48,Q8TAF3,0.17,NON-INTERACTOR,Medium
PALS2,Q9NZW5,0.1696,NON-INTERACTOR,Medium
TCHP,Q9BT92,0.1679,NON-INTERACTOR,Medium
KCTD17,Q8N5Z5,0.167,NON-INTERACTOR,Medium
KIFC1,Q9BW19,0.1652,NON-INTERACTOR,Medium
CHCHD3,Q9NX63,0.1641,NON-INTERACTOR,Medium
RAB7A,P51149,0.1635,NON-INTERACTOR,Medium
PFAS,O15067,0.1631,NON-INTERACTOR,Medium
TCF4,P15884,0.1605,NON-INTERACTOR,Medium
RALGAPB,Q86X10,0.16,NON-INTERACTOR,Medium
TMEM11,P17152,0.1582,NON-INTERACTOR,Medium
HMG20A,Q9NP66,0.1576,NON-INTERACTOR,Medium
FKBP15,Q5T1M5,0.1561,NON-INTERACTOR,Medium
ZNF212,Q9UDV6,0.1552,NON-INTERACTOR,Medium
ZDHHC14,Q8IZN3,0.1546,NON-INTERACTOR,Medium
TAOK1,Q7L7X3,0.1525,NON-INTERACTOR,Medium
USB1,Q9BQ65,0.151,NON-INTERACTOR,Medium
ACAP3,Q96P50,0.1506,NON-INTERACTOR,Medium
YWHAE,P62258,0.1497,NON-INTERACTOR,Medium
EPN2,O95208,0.1496,NON-INTERACTOR,Medium
PPIP5K2,O43314,0.149,NON-INTERACTOR,Medium
ZNF592,Q92610,0.1487,NON-INTERACTOR,Medium
ZC2HC1A,Q96GY0,0.1479,NON-INTERACTOR,Medium
BRCC3,P46736,0.1449,NON-INTERACTOR,Medium
ENTR1,Q96C92,0.1447,NON-INTERACTOR,Medium
UBE2J2,Q8N2K1,0.1442,NON-INTERACTOR,Medium
UBAP2L,Q14157,0.1429,NON-INTERACTOR,Medium
KDM3B,Q7LBC6,0.1418,NON-INTERACTOR,Medium
GLYR1,Q49A26,0.1412,NON-INTERACTOR,Medium
VAPB,O95292,0.141,NON-INTERACTOR,Medium
SMAD9,O15198,0.1407,NON-INTERACTOR,Medium
CCDC40,Q4G0X9,0.1399,NON-INTERACTOR,Medium
DDX3X,O00571,0.1395,NON-INTERACTOR,Medium
RUNDC1,Q96C34,0.1384,NON-INTERACTOR,Medium
VPS45,Q9NRW7,0.1376,NON-INTERACTOR,Medium
AP1B1,Q10567,0.1357,NON-INTERACTOR,Medium
TDG,Q13569,0.1353,NON-INTERACTOR,Medium
MACROH2A1,O75367,0.1347,NON-INTERACTOR,Medium
OPA3,Q9H6K4,0.1344,NON-INTERACTOR,Medium
GRAMD4,Q6IC98,0.1341,NON-INTERACTOR,Medium
GATC,O43716,0.1338,NON-INTERACTOR,Medium
ANKS3,Q6ZW76,0.1332,NON-INTERACTOR,Medium
CAMSAP1,Q5T5Y3,0.1318,NON-INTERACTOR,Medium
FUBP3,Q96I24,0.1314,NON-INTERACTOR,Medium
AGAP3,Q96P47,0.1313,NON-INTERACTOR,Medium
CEP78,Q5JTW2,0.1302,NON-INTERACTOR,Medium
FBXO28,Q9NVF7,0.1301,NON-INTERACTOR,Medium
ULK1,O75385,0.13,NON-INTERACTOR,Medium
OCRL,Q01968,0.1292,NON-INTERACTOR,Medium
RABGAP1,Q9Y3P9,0.1286,NON-INTERACTOR,Medium
PACSIN2,Q9UNF0,0.1285,NON-INTERACTOR,Medium
SNX1,Q13596,0.1285,NON-INTERACTOR,Medium
MSI2,Q96DH6,0.1283,NON-INTERACTOR,Medium
FANCA,O15360,0.1277,NON-INTERACTOR,Medium
IPPK,Q9H8X2,0.1265,NON-INTERACTOR,Medium
LATS1,O95835,0.1254,NON-INTERACTOR,Medium
AXIN1,O15169,0.1243,NON-INTERACTOR,Medium
CCDC157,Q569K6,0.1242,NON-INTERACTOR,Medium
MAP2K4,P45985,0.1227,NON-INTERACTOR,Medium
CTBP2,P56545,0.122,NON-INTERACTOR,Medium
ARID3B,Q8IVW6,0.1218,NON-INTERACTOR,Medium
SHPK,Q9UHJ6,0.121,NON-INTERACTOR,Medium
CHFR,Q96EP1,0.1207,NON-INTERACTOR,Medium
PAXIP1,Q6ZW49,0.119,NON-INTERACTOR,Medium
VPS4A,Q9UN37,0.1189,NON-INTERACTOR,Medium
MPRIP,Q6WCQ1,0.1186,NON-INTERACTOR,Medium
RNF216,Q9NWF9,0.1156,NON-INTERACTOR,Medium
TEPSIN,Q96N21,0.115,NON-INTERACTOR,Medium
RAF1,P04049,0.1145,NON-INTERACTOR,Medium
TRIM41,Q8WV44,0.1144,NON-INTERACTOR,Medium
MAPK6,Q16659,0.1143,NON-INTERACTOR,Medium
CRK,P46108,0.1138,NON-INTERACTOR,Medium
PPP6C,O00743,0.1138,NON-INTERACTOR,Medium
KIF1B,O60333,0.1135,NON-INTERACTOR,Medium
ZC3H4,Q9UPT8,0.1134,NON-INTERACTOR,Medium
FANCG,O15287,0.1128,NON-INTERACTOR,Medium
ANKRD54,Q6NXT1,0.112,NON-INTERACTOR,Medium
SMG7,Q92540,0.1116,NON-INTERACTOR,Medium
SNAP29,O95721,0.1109,NON-INTERACTOR,Medium
PPT2,Q9UMR5,0.1105,NON-INTERACTOR,Medium
RAB8A,P61006,0.1101,NON-INTERACTOR,Medium
KIF7,Q2M1P5,0.1089,NON-INTERACTOR,Medium
TTLL11,Q8NHH1,0.1084,NON-INTERACTOR,Medium
HSPH1,Q92598,0.1083,NON-INTERACTOR,Medium
TBC1D22A,Q8WUA7,0.1061,NON-INTERACTOR,Medium
RC3H2,Q9HBD1,0.1059,NON-INTERACTOR,Medium
RALGAPA2,Q2PPJ7,0.1048,NON-INTERACTOR,Medium
TBC1D10B,Q4KMP7,0.1047,NON-INTERACTOR,Medium
PDHA1,P08559,0.1045,NON-INTERACTOR,Medium
UBP1,Q9NZI7,0.1041,NON-INTERACTOR,Medium
BRMS1L,Q5PSV4,0.1038,NON-INTERACTOR,Medium
UNC13B,O14795,0.1036,NON-INTERACTOR,Medium
LRRC4B,Q9NT99,0.1035,NON-INTERACTOR,Medium
STK38,Q15208,0.1016,NON-INTERACTOR,Medium
LSM14A,Q8ND56,0.1008,NON-INTERACTOR,Medium
SSH2,Q76I76,0.1002,NON-INTERACTOR,Medium
PPP4R1,Q8TF05,0.0997,NON-INTERACTOR,Medium
PIAS4,Q8N2W9,0.099,NON-INTERACTOR,Medium
KHSRP,Q92945,0.0984,NON-INTERACTOR,Medium
SYAP1,Q96A49,0.0983,NON-INTERACTOR,Medium
MLLT1,Q03111,0.0977,NON-INTERACTOR,Medium
GNB1,P62873,0.0973,NON-INTERACTOR,Medium
MARK2,Q7KZI7,0.097,NON-INTERACTOR,Medium
SLC25A22,Q9H936,0.0965,NON-INTERACTOR,Medium
C2CD3,Q4AC94,0.0953,NON-INTERACTOR,Medium
API5,Q9BZZ5,0.0937,NON-INTERACTOR,Medium
SGSM2,O43147,0.0937,NON-INTERACTOR,Medium
G3BP2,Q9UN86,0.0931,NON-INTERACTOR,Medium
FMR1,Q06787,0.0924,NON-INTERACTOR,Medium
GRK2,P25098,0.0923,NON-INTERACTOR,Medium
ZMYND11,Q15326,0.0923,NON-INTERACTOR,Medium
C2CD5,Q86YS7,0.0915,NON-INTERACTOR,Medium
RAB35,Q15286,0.0912,NON-INTERACTOR,Medium
UBE2B,P63146,0.0899,NON-INTERACTOR,Medium
SENP1,Q9P0U3,0.089,NON-INTERACTOR,Medium
NCDN,Q9UBB6,0.0883,NON-INTERACTOR,Medium
ZSWIM4,Q9H7M6,0.0869,NON-INTERACTOR,Medium
DCPS,Q96C86,0.0866,NON-INTERACTOR,Medium
RANBP9,Q96S59,0.0865,NON-INTERACTOR,Medium
MDM1,Q8TC05,0.0859,NON-INTERACTOR,Medium
SIN3B,O75182,0.0857,NON-INTERACTOR,Medium
G3BP1,Q13283,0.0853,NON-INTERACTOR,Medium
MAP3K7,O43318,0.0852,NON-INTERACTOR,Medium
DYNLL2,Q96FJ2,0.0847,NON-INTERACTOR,Medium
CRLF3,Q8IUI8,0.0847,NON-INTERACTOR,Medium
ESRRA,P11474,0.0827,NON-INTERACTOR,Medium
AP1M1,Q9BXS5,0.0826,NON-INTERACTOR,Medium
USP13,Q92995,0.0825,NON-INTERACTOR,Medium
NCS1,P62166,0.0824,NON-INTERACTOR,Medium
NCK2,O43639,0.0824,NON-INTERACTOR,Medium
CLINT1,Q14677,0.0817,NON-INTERACTOR,Medium
TEDC2,Q7L2K0,0.0816,NON-INTERACTOR,Medium
GGA2,Q9UJY4,0.0812,NON-INTERACTOR,Medium
JPT2,Q9H910,0.0808,NON-INTERACTOR,Medium
FKRP,Q9H9S5,0.0805,NON-INTERACTOR,Medium
MICALL1,Q8N3F8,0.0803,NON-INTERACTOR,Medium
ABL1,P00519,0.0801,NON-INTERACTOR,Medium
TBX3,O15119,0.0798,NON-INTERACTOR,Medium
TBKBP1,A7MCY6,0.0789,NON-INTERACTOR,Medium
SLF2,Q8IX21,0.0788,NON-INTERACTOR,Medium
SEPHS1,P49903,0.0788,NON-INTERACTOR,Medium
LUC7L2,Q9Y383,0.0779,NON-INTERACTOR,Medium
OSBPL8,Q9BZF1,0.0779,NON-INTERACTOR,Medium
NECAP1,Q8NC96,0.0777,NON-INTERACTOR,Medium
SENP3,Q9H4L4,0.0774,NON-INTERACTOR,Medium
MTMR4,Q9NYA4,0.0771,NON-INTERACTOR,Medium
PARP1,P09874,0.0769,NON-INTERACTOR,Medium
UBE2G2,P60604,0.0769,NON-INTERACTOR,Medium
NADK,O95544,0.0768,NON-INTERACTOR,Medium
GPT2,Q8TD30,0.0768,NON-INTERACTOR,Medium
CCNJ,Q5T5M9,0.0766,NON-INTERACTOR,Medium
PGAM5,Q96HS1,0.0763,NON-INTERACTOR,Medium
KCTD5,Q9NXV2,0.0761,NON-INTERACTOR,Medium
TRAF4,Q9BUZ4,0.0755,NON-INTERACTOR,Medium
SPIN1,Q9H2V7,0.0745,NON-INTERACTOR,Medium
PROSER1,Q86XN7,0.0741,NON-INTERACTOR,Medium
MYNN,Q9NPC7,0.074,NON-INTERACTOR,Medium
BORCS8,Q96FH0,0.0738,NON-INTERACTOR,Medium
PLEKHA8,Q96JA3,0.0735,NON-INTERACTOR,Medium
RPS6KC1,Q96S38,0.0732,NON-INTERACTOR,Medium
CELF1,Q92879,0.0728,NON-INTERACTOR,Medium
MARK1,Q9P0L2,0.0726,NON-INTERACTOR,Medium
CPSF7,Q8N684,0.0723,NON-INTERACTOR,Medium
MAZ,P56270,0.0722,NON-INTERACTOR,Medium
SS18,Q15532,0.0712,NON-INTERACTOR,Medium
ARFGEF2,Q9Y6D5,0.0711,NON-INTERACTOR,Medium
AGO4,Q9HCK5,0.0699,NON-INTERACTOR,Medium
SUV39H2,Q9H5I1,0.0698,NON-INTERACTOR,Medium
RBM26,Q5T8P6,0.0688,NON-INTERACTOR,Medium
SECISBP2,Q96T21,0.0687,NON-INTERACTOR,Medium
SYNCRIP,O60506,0.0685,NON-INTERACTOR,Medium
DNAJC5,Q9H3Z4,0.0668,NON-INTERACTOR,Medium
CEP43,O95684,0.0666,NON-INTERACTOR,Medium
DCLRE1C,Q96SD1,0.0665,NON-INTERACTOR,Medium
R3HDM1,Q15032,0.0662,NON-INTERACTOR,Medium
MELK,Q14680,0.0661,NON-INTERACTOR,Medium
UPF3A,Q9H1J1,0.0658,NON-INTERACTOR,Medium
RAD18,Q9NS91,0.0653,NON-INTERACTOR,Medium
CDC42BPA,Q5VT25,0.0653,NON-INTERACTOR,Medium
UBAP2,Q5T6F2,0.0651,NON-INTERACTOR,Medium
USP28,Q96RU2,0.0645,NON-INTERACTOR,Medium
GRB2,P62993,0.064,NON-INTERACTOR,Medium
FAM13B,Q9NYF5,0.0637,NON-INTERACTOR,Medium
PCBD2,Q9H0N5,0.0636,NON-INTERACTOR,Medium
EIF4G3,O43432,0.0629,NON-INTERACTOR,Medium
MTMR1,Q13613,0.0627,NON-INTERACTOR,Medium
SURF2,Q15527,0.0623,NON-INTERACTOR,Medium
EGLN2,Q96KS0,0.0622,NON-INTERACTOR,Medium
ACLY,P53396,0.0622,NON-INTERACTOR,Medium
CHUK,O15111,0.0617,NON-INTERACTOR,Medium
FUS,P35637,0.0613,NON-INTERACTOR,Medium
LRCH3,Q96II8,0.0611,NON-INTERACTOR,Medium
SPATS2,Q86XZ4,0.0604,NON-INTERACTOR,Medium
DCAF15,Q66K64,0.0598,NON-INTERACTOR,Medium
UCK1,Q9HA47,0.0594,NON-INTERACTOR,Medium
FOXO3B,A0A2Z4LIS9,0.0588,NON-INTERACTOR,Medium
CCNL2,Q96S94,0.0587,NON-INTERACTOR,Medium
TTL,Q8NG68,0.0587,NON-INTERACTOR,Medium
AP4E1,Q9UPM8,0.0585,NON-INTERACTOR,Medium
PIN1,Q13526,0.0584,NON-INTERACTOR,Medium
TRAF2,Q92844,0.0583,NON-INTERACTOR,Medium
ZNF646,O15015,0.0573,NON-INTERACTOR,Medium
CEP85,Q6P2H3,0.057,NON-INTERACTOR,Medium
IPO4,Q8TEX9,0.0569,NON-INTERACTOR,Medium
SRPK1,Q96SB4,0.0568,NON-INTERACTOR,Medium
RIF1,Q9Y581,0.0568,NON-INTERACTOR,Medium
TXNRD2,Q9NNW7,0.0567,NON-INTERACTOR,Medium
AGO1,Q9UL18,0.0567,NON-INTERACTOR,Medium
SLCO3A1,Q9UIG8,0.0565,NON-INTERACTOR,Medium
NAP1L4,Q99733,0.0561,NON-INTERACTOR,Medium
U2AF1L4,Q9H665,0.0558,NON-INTERACTOR,Medium
RABL2B,Q9UNT1,0.0557,NON-INTERACTOR,Medium
LARP4,Q71RC2,0.0556,NON-INTERACTOR,Medium
CHEK2,O96017,0.0555,NON-INTERACTOR,Medium
KIF21A,Q7Z4S6,0.0553,NON-INTERACTOR,Medium
LEMD3,Q9Y2U8,0.0552,NON-INTERACTOR,Medium
STAMBPL1,Q96FJ0,0.0552,NON-INTERACTOR,Medium
MIB2,Q96AX9,0.0551,NON-INTERACTOR,Medium
USP42,Q9H9J4,0.0551,NON-INTERACTOR,Medium
FBXL14,Q8N1E6,0.0548,NON-INTERACTOR,Medium
FANCL,Q9NW38,0.0547,NON-INTERACTOR,Medium
BRIP1,Q9BX63,0.0546,NON-INTERACTOR,Medium
MYH3,P11055,0.0545,NON-INTERACTOR,Medium
GOSR1,O95249,0.0543,NON-INTERACTOR,Medium
ZMYM2,Q9UBW7,0.0539,NON-INTERACTOR,Medium
NAA40,Q86UY6,0.0537,NON-INTERACTOR,Medium
COX11,Q9Y6N1,0.0536,NON-INTERACTOR,Medium
MTHFSD,Q2M296,0.0532,NON-INTERACTOR,Medium
ZNF318,Q5VUA4,0.053,NON-INTERACTOR,Medium
KALRN,O60229,0.0527,NON-INTERACTOR,Medium
FBRSL1,Q9HCM7,0.0526,NON-INTERACTOR,Medium
NEK3,P51956,0.0525,NON-INTERACTOR,Medium
UBE2G1,P62253,0.0524,NON-INTERACTOR,Medium
ZSWIM6,Q9HCJ5,0.0524,NON-INTERACTOR,Medium
GCAT,O75600,0.0522,NON-INTERACTOR,Medium
ZBTB39,O15060,0.0517,NON-INTERACTOR,Medium
PSMC3IP,Q9P2W1,0.0517,NON-INTERACTOR,Medium
LIMD2,Q9BT23,0.0517,NON-INTERACTOR,Medium
WBP4,O75554,0.0516,NON-INTERACTOR,Medium
FAAP20,Q6NZ36,0.0515,NON-INTERACTOR,Medium
PRMT2,P55345,0.0514,NON-INTERACTOR,Medium
RSBN1L,Q6PCB5,0.0512,NON-INTERACTOR,Medium
BTBD1,Q9H0C5,0.0511,NON-INTERACTOR,Medium
OSBPL11,Q9BXB4,0.0508,NON-INTERACTOR,Medium
ASAH2,Q9NR71,0.0506,NON-INTERACTOR,Medium
CNTF,P26441,0.0505,NON-INTERACTOR,Medium
FBXO10,Q9UK96,0.0505,NON-INTERACTOR,Medium
RAB40A,Q8WXH6,0.0504,NON-INTERACTOR,Medium
ZWINT,O95229,0.0501,NON-INTERACTOR,Medium
JOSD1,Q15040,0.0501,NON-INTERACTOR,Medium
PSIP1,O75475,0.05,NON-INTERACTOR,Medium
KIF24,Q5T7B8,0.0499,NON-INTERACTOR,Medium
CAND1,Q86VP6,0.0496,NON-INTERACTOR,Medium
USP22,Q9UPT9,0.0496,NON-INTERACTOR,Medium
RPRD1A,Q96P16,0.0491,NON-INTERACTOR,Medium
IFT88,Q13099,0.0489,NON-INTERACTOR,Medium
ACAD8,Q9UKU7,0.0489,NON-INTERACTOR,Medium
N4BP1,O75113,0.0488,NON-INTERACTOR,Medium
ZNF668,Q96K58,0.0487,NON-INTERACTOR,Medium
BCS1L,Q9Y276,0.0485,NON-INTERACTOR,Medium
ELAVL4,P26378,0.0484,NON-INTERACTOR,Medium
CNOT10,Q9H9A5,0.0483,NON-INTERACTOR,Medium
TBC1D31,Q96DN5,0.0482,NON-INTERACTOR,Medium
ATAD3A,Q9NVI7,0.0481,NON-INTERACTOR,Medium
MRPL20,Q9BYC9,0.0473,NON-INTERACTOR,Medium
SPEN,Q96T58,0.0473,NON-INTERACTOR,Medium
HOOK3,Q86VS8,0.0472,NON-INTERACTOR,Medium
RMDN3,Q96TC7,0.0471,NON-INTERACTOR,Medium
CHRNA10,Q9GZZ6,0.0467,NON-INTERACTOR,Medium
DHX35,Q9H5Z1,0.0467,NON-INTERACTOR,Medium
UNG,P13051,0.0465,NON-INTERACTOR,Medium
SLC25A4,P12235,0.0462,NON-INTERACTOR,Medium
EXTL3,O43909,0.0458,NON-INTERACTOR,Medium
TAF5L,O75529,0.0457,NON-INTERACTOR,Medium
RBM23,Q86U06,0.0454,NON-INTERACTOR,Medium
MTMR6,Q9Y217,0.0453,NON-INTERACTOR,Medium
WIPF2,Q8TF74,0.0452,NON-INTERACTOR,Medium
DNAJC16,Q9Y2G8,0.0452,NON-INTERACTOR,Medium
TMPO,P42166,0.0451,NON-INTERACTOR,Medium
SLC7A6,Q92536,0.0451,NON-INTERACTOR,Medium
TKFC,Q3LXA3,0.045,NON-INTERACTOR,Medium
RPUSD1,Q9UJJ7,0.045,NON-INTERACTOR,Medium
GOT2,P00505,0.0447,NON-INTERACTOR,Medium
MPHOSPH6,Q99547,0.0441,NON-INTERACTOR,Medium
ULK3,Q6PHR2,0.0441,NON-INTERACTOR,Medium
BLTP3B,A0JNW5,0.044,NON-INTERACTOR,Medium
MAU2,Q9Y6X3,0.044,NON-INTERACTOR,Medium
PRR22,Q8IZ63,0.044,NON-INTERACTOR,Medium
MCM8,Q9UJA3,0.044,NON-INTERACTOR,Medium
TPCN2,Q8NHX9,0.0439,NON-INTERACTOR,Medium
TXNRD1,Q16881,0.0437,NON-INTERACTOR,Medium
CAPRIN2,Q6IMN6,0.0433,NON-INTERACTOR,Medium
FIGNL1,Q6PIW4,0.0433,NON-INTERACTOR,Medium
SOCS2,O14508,0.0433,NON-INTERACTOR,Medium
PLD5,Q8N7P1,0.043,NON-INTERACTOR,Medium
NSUN2,Q08J23,0.043,NON-INTERACTOR,Medium
HK2,P52789,0.043,NON-INTERACTOR,Medium
UBQLN1,Q9UMX0,0.0429,NON-INTERACTOR,Medium
TSTD2,Q5T7W7,0.0429,NON-INTERACTOR,Medium
KLHL13,Q9P2N7,0.0429,NON-INTERACTOR,Medium
EME1,Q96AY2,0.0428,NON-INTERACTOR,Medium
HDGFL2,Q7Z4V5,0.0427,NON-INTERACTOR,Medium
USP49,Q70CQ1,0.0426,NON-INTERACTOR,Medium
KRIT1,O00522,0.0425,NON-INTERACTOR,Medium
FNDC3A,Q9Y2H6,0.0422,NON-INTERACTOR,Medium
ILKAP,Q9H0C8,0.0421,NON-INTERACTOR,Medium
GNE,Q9Y223,0.0419,NON-INTERACTOR,Medium
TBC1D13,Q9NVG8,0.0413,NON-INTERACTOR,Medium
GMCL1,Q96IK5,0.0413,NON-INTERACTOR,Medium
PTPN2,P17706,0.0412,NON-INTERACTOR,Medium
OTUD3,Q5T2D3,0.0411,NON-INTERACTOR,Medium
SS18L1,O75177,0.0411,NON-INTERACTOR,Medium
NLGN2,Q8NFZ4,0.041,NON-INTERACTOR,Medium
GBA2,Q9HCG7,0.0409,NON-INTERACTOR,Medium
KDM6B,O15054,0.0408,NON-INTERACTOR,Medium
STARD7,Q9NQZ5,0.0408,NON-INTERACTOR,Medium
GPR75,O95800,0.0407,NON-INTERACTOR,Medium
ST8SIA2,Q92186,0.0406,NON-INTERACTOR,Medium
FBXO21,O94952,0.0406,NON-INTERACTOR,Medium
CDK11A,Q9UQ88,0.0405,NON-INTERACTOR,Medium
MORN1,Q5T089,0.0405,NON-INTERACTOR,Medium
FOXRED1,Q96CU9,0.0404,NON-INTERACTOR,Medium
DAZAP1,Q96EP5,0.0402,NON-INTERACTOR,Medium
MYO1B,O43795,0.0398,NON-INTERACTOR,Medium
SLC9A8,Q9Y2E8,0.0398,NON-INTERACTOR,Medium
ATP13A1,Q9HD20,0.0396,NON-INTERACTOR,Medium
TNPO2,O14787,0.0395,NON-INTERACTOR,Medium
SMARCAD1,Q9H4L7,0.0395,NON-INTERACTOR,Medium
SLC12A6,Q9UHW9,0.0394,NON-INTERACTOR,Medium
CFAP44,Q96MT7,0.0391,NON-INTERACTOR,Medium
LRRC51,Q96E66,0.0391,NON-INTERACTOR,Medium
KDM5A,P29375,0.039,NON-INTERACTOR,Medium
POLE3,Q9NRF9,0.0389,NON-INTERACTOR,Medium
COQ9,O75208,0.0389,NON-INTERACTOR,Medium
PASK,Q9UEW8,0.0388,NON-INTERACTOR,Medium
NCOA6,Q14686,0.0388,NON-INTERACTOR,Medium
SHMT1,P34896,0.0387,NON-INTERACTOR,Medium
OFD1,O75665,0.0384,NON-INTERACTOR,Medium
CYREN,Q9BWK5,0.0384,NON-INTERACTOR,Medium
NSD2,O96028,0.0384,NON-INTERACTOR,Medium
RABEP1,Q15276,0.0383,NON-INTERACTOR,Medium
PUS1,Q9Y606,0.0382,NON-INTERACTOR,Medium
TRIP13,Q15645,0.0381,NON-INTERACTOR,Medium
DPP3,Q9NY33,0.038,NON-INTERACTOR,Medium
METAP1D,Q6UB28,0.038,NON-INTERACTOR,Medium
CCNE2,O96020,0.0378,NON-INTERACTOR,Medium
FXR2,P51116,0.0378,NON-INTERACTOR,Medium
MARCHF6,O60337,0.0377,NON-INTERACTOR,Medium
UBFD1,O14562,0.0375,NON-INTERACTOR,Medium
WRAP73,Q9P2S5,0.0375,NON-INTERACTOR,Medium
RAI1,Q7Z5J4,0.0374,NON-INTERACTOR,Medium
REXO4,Q9GZR2,0.0371,NON-INTERACTOR,Medium
ATP11C,Q8NB49,0.0371,NON-INTERACTOR,Medium
FBXO46,Q6PJ61,0.037,NON-INTERACTOR,Medium
SLC36A4,Q6YBV0,0.0369,NON-INTERACTOR,Medium
RFWD3,Q6PCD5,0.0369,NON-INTERACTOR,Medium
ADGRA3,Q8IWK6,0.0368,NON-INTERACTOR,Medium
OGFOD1,Q8N543,0.0367,NON-INTERACTOR,Medium
FLOT2,Q14254,0.0365,NON-INTERACTOR,Medium
IFT81,Q8WYA0,0.0363,NON-INTERACTOR,Medium
RHNO1,Q9BSD3,0.0363,NON-INTERACTOR,Medium
CCP110,O43303,0.0362,NON-INTERACTOR,Medium
PTCD1,O75127,0.0362,NON-INTERACTOR,Medium
DNAJC14,Q6Y2X3,0.036,NON-INTERACTOR,Medium
MTAP,Q13126,0.036,NON-INTERACTOR,Medium
SLC4A8,Q2Y0W8,0.0358,NON-INTERACTOR,Medium
PLEKHJ1,Q9NW61,0.0358,NON-INTERACTOR,Medium
VPS36,Q86VN1,0.0357,NON-INTERACTOR,Medium
NEK4,P51957,0.0357,NON-INTERACTOR,Medium
ATAD3B,Q5T9A4,0.0357,NON-INTERACTOR,Medium
UBR7,Q8N806,0.0356,NON-INTERACTOR,Medium
PWWP3A,Q2TAK8,0.0356,NON-INTERACTOR,Medium
ATG16L1,Q676U5,0.0355,NON-INTERACTOR,Medium
SEMA4C,Q9C0C4,0.0354,NON-INTERACTOR,Medium
CSK,P41240,0.0351,NON-INTERACTOR,Medium
WDR62,O43379,0.0349,NON-INTERACTOR,Medium
SHPRH,Q149N8,0.0349,NON-INTERACTOR,Medium
TNPO1,Q92973,0.0349,NON-INTERACTOR,Medium
CASP2,P42575,0.0348,NON-INTERACTOR,Medium
TSSC4,Q9Y5U2,0.0347,NON-INTERACTOR,Medium
MAPK8,P45983,0.0346,NON-INTERACTOR,Medium
MICAL3,Q7RTP6,0.0345,NON-INTERACTOR,Medium
TOP3B,O95985,0.0344,NON-INTERACTOR,Medium
STK4,Q13043,0.0343,NON-INTERACTOR,Medium
MTCL2,O94964,0.0342,NON-INTERACTOR,Medium
EDRF1,Q3B7T1,0.0338,NON-INTERACTOR,Medium
SLC38A9,Q8NBW4,0.0338,NON-INTERACTOR,Medium
RANBP3,Q9H6Z4,0.0338,NON-INTERACTOR,Medium
RAD54B,Q9Y620,0.0337,NON-INTERACTOR,Medium
LZTR1,Q8N653,0.0335,NON-INTERACTOR,Medium
DHTKD1,Q96HY7,0.0334,NON-INTERACTOR,Medium
LRRC47,Q8N1G4,0.0333,NON-INTERACTOR,Medium
CMAS,Q8NFW8,0.0331,NON-INTERACTOR,Medium
MRM3,Q9HC36,0.033,NON-INTERACTOR,Medium
TMEM87A,Q8NBN3,0.0329,NON-INTERACTOR,Medium
LMTK2,Q8IWU2,0.0328,NON-INTERACTOR,Medium
RIC8B,Q9NVN3,0.0327,NON-INTERACTOR,Medium
MTRF1L,Q9UGC7,0.0327,NON-INTERACTOR,Medium
EHMT1,Q9H9B1,0.0326,NON-INTERACTOR,Medium
DBF4B,Q8NFT6,0.0326,NON-INTERACTOR,Medium
S100PBP,Q96BU1,0.0326,NON-INTERACTOR,Medium
PUS7,Q96PZ0,0.0325,NON-INTERACTOR,Medium
HERC2,O95714,0.0324,NON-INTERACTOR,Medium
CPAP,Q9HC77,0.0323,NON-INTERACTOR,Medium
ABCC5,O15440,0.0323,NON-INTERACTOR,Medium
PKIA,P61925,0.0323,NON-INTERACTOR,Medium
SOX15,O60248,0.0322,NON-INTERACTOR,Medium
AUNIP,Q9H7T9,0.0322,NON-INTERACTOR,Medium
CEP89,Q96ST8,0.0321,NON-INTERACTOR,Medium
SUGP2,Q8IX01,0.0319,NON-INTERACTOR,Medium
DOLPP1,Q86YN1,0.0318,NON-INTERACTOR,Medium
SLC25A25,Q6KCM7,0.0318,NON-INTERACTOR,Medium
KLHL2,O95198,0.0317,NON-INTERACTOR,Medium
UPF3B,Q9BZI7,0.0317,NON-INTERACTOR,Medium
STX2,P32856,0.0316,NON-INTERACTOR,Medium
BEND3,Q5T5X7,0.0315,NON-INTERACTOR,Medium
GNB3,P16520,0.0315,NON-INTERACTOR,Medium
PDE8A,O60658,0.0314,NON-INTERACTOR,Medium
PLEKHG2,Q9H7P9,0.0314,NON-INTERACTOR,Medium
ANAPC7,Q9UJX3,0.0313,NON-INTERACTOR,Medium
MAP1B,P46821,0.0313,NON-INTERACTOR,Medium
PANX1,Q96RD7,0.0311,NON-INTERACTOR,Medium
CSPP1,Q1MSJ5,0.031,NON-INTERACTOR,Medium
SLTM,Q9NWH9,0.031,NON-INTERACTOR,Medium
CSTF2,P33240,0.0309,NON-INTERACTOR,Medium
CCDC77,Q9BR77,0.0309,NON-INTERACTOR,Medium
SLC25A15,Q9Y619,0.0308,NON-INTERACTOR,Medium
SLC66A2,Q8N2U9,0.0305,NON-INTERACTOR,Medium
SLC11A2,P49281,0.0304,NON-INTERACTOR,Medium
MAGOHB,Q96A72,0.0303,NON-INTERACTOR,Medium
TVP23B,Q9NYZ1,0.0302,NON-INTERACTOR,Medium
ANGEL2,Q5VTE6,0.0302,NON-INTERACTOR,Medium
MESD,Q14696,0.0302,NON-INTERACTOR,Medium
ERI2,A8K979,0.0301,NON-INTERACTOR,Medium
PPCDC,Q96CD2,0.03,NON-INTERACTOR,Medium
LRRC8A,Q8IWT6,0.03,NON-INTERACTOR,Medium
KLF9,Q13886,0.0299,NON-INTERACTOR,Medium
ACAD9,Q9H845,0.0299,NON-INTERACTOR,Medium
LIG3,P49916,0.0298,NON-INTERACTOR,Medium
AHI1,Q8N157,0.0298,NON-INTERACTOR,Medium
ZNF326,Q5BKZ1,0.0297,NON-INTERACTOR,Medium
GPATCH8,Q9UKJ3,0.0297,NON-INTERACTOR,Medium
PTBP1,P26599,0.0297,NON-INTERACTOR,Medium
MARF1,Q9Y4F3,0.0296,NON-INTERACTOR,Medium
ZDHHC17,Q8IUH5,0.0296,NON-INTERACTOR,Medium
TECPR1,Q7Z6L1,0.0294,NON-INTERACTOR,Medium
ZNF500,O60304,0.0294,NON-INTERACTOR,Medium
MFHAS1,Q9Y4C4,0.0293,NON-INTERACTOR,Medium
SELENOO,Q9BVL4,0.0292,NON-INTERACTOR,Medium
VPS13A,Q96RL7,0.0289,NON-INTERACTOR,Medium
TRAF3IP1,Q8TDR0,0.0289,NON-INTERACTOR,Medium
ZDHHC21,Q8IVQ6,0.0288,NON-INTERACTOR,Medium
NFKBIB,Q15653,0.0288,NON-INTERACTOR,Medium
HNRNPA3,P51991,0.0287,NON-INTERACTOR,Medium
AKT2,P31751,0.0286,NON-INTERACTOR,Medium
OTULIN,Q96BN8,0.0285,NON-INTERACTOR,Medium
TBK1,Q9UHD2,0.0284,NON-INTERACTOR,Medium
ADAT1,Q9BUB4,0.0281,NON-INTERACTOR,Medium
TATDN2,Q93075,0.028,NON-INTERACTOR,Medium
KIAA0753,Q2KHM9,0.0279,NON-INTERACTOR,Medium
POM121,Q96HA1,0.0276,NON-INTERACTOR,Medium
ZDHHC6,Q9H6R6,0.0276,NON-INTERACTOR,Medium
TMEM104,Q8NE00,0.0275,NON-INTERACTOR,Medium
RCC2,Q9P258,0.0275,NON-INTERACTOR,Medium
TGFBRAP1,Q8WUH2,0.0273,NON-INTERACTOR,Medium
DCUN1D2,Q6PH85,0.0273,NON-INTERACTOR,Medium
NDE1,Q9NXR1,0.0272,NON-INTERACTOR,Medium
NEMF,O60524,0.0272,NON-INTERACTOR,Medium
CUL4A,Q13619,0.0272,NON-INTERACTOR,Medium
USP48,Q86UV5,0.0271,NON-INTERACTOR,Medium
COX10,Q12887,0.027,NON-INTERACTOR,Medium
TRPV1,Q8NER1,0.027,NON-INTERACTOR,Medium
TRMU,O75648,0.0269,NON-INTERACTOR,Medium
TNRC6A,Q8NDV7,0.0269,NON-INTERACTOR,Medium
PPP5C,P53041,0.0268,NON-INTERACTOR,Medium
KPNA3,O00505,0.0267,NON-INTERACTOR,Medium
DNAJC7,Q99615,0.0267,NON-INTERACTOR,Medium
ANKRD11,Q6UB99,0.0266,NON-INTERACTOR,Medium
NUDT5,Q9UKK9,0.0265,NON-INTERACTOR,Medium
ERMARD,Q5T6L9,0.0265,NON-INTERACTOR,Medium
TRMT10B,Q6PF06,0.0265,NON-INTERACTOR,Medium
FAM114A2,Q9NRY5,0.0264,NON-INTERACTOR,Medium
PARG,Q86W56,0.0262,NON-INTERACTOR,Medium
RBM4B,Q9BQ04,0.0261,NON-INTERACTOR,Medium
NDST1,P52848,0.026,NON-INTERACTOR,Medium
HEATR3,Q7Z4Q2,0.026,NON-INTERACTOR,Medium
NEMP1,O14524,0.0259,NON-INTERACTOR,Medium
HNRNPR,O43390,0.0259,NON-INTERACTOR,Medium
YTHDC2,Q9H6S0,0.0258,NON-INTERACTOR,Medium
COQ7,Q99807,0.0258,NON-INTERACTOR,Medium
HECTD1,Q9ULT8,0.0258,NON-INTERACTOR,Medium
SLC25A11,Q02978,0.0258,NON-INTERACTOR,Medium
KLHL17,Q6TDP4,0.0256,NON-INTERACTOR,Medium
CEP162,Q5TB80,0.0256,NON-INTERACTOR,Medium
ADAMTS1,Q9UHI8,0.0255,NON-INTERACTOR,Medium
BLTP2,Q14667,0.0255,NON-INTERACTOR,Medium
UBR1,Q8IWV7,0.0255,NON-INTERACTOR,Medium
GFOD2,Q3B7J2,0.0254,NON-INTERACTOR,Medium
IFT80,Q9P2H3,0.0253,NON-INTERACTOR,Medium
CKAP2,Q8WWK9,0.0252,NON-INTERACTOR,Medium
WSB1,Q9Y6I7,0.025,NON-INTERACTOR,Medium
NUP188,Q5SRE5,0.025,NON-INTERACTOR,Medium
IMMT,Q16891,0.0249,NON-INTERACTOR,Medium
SLC25A14,O95258,0.0249,NON-INTERACTOR,Medium
PEMT,Q9UBM1,0.0249,NON-INTERACTOR,Medium
MTRF1,O75570,0.0249,NON-INTERACTOR,Medium
ARHGAP11A,Q6P4F7,0.0248,NON-INTERACTOR,Medium
CNTRL,Q7Z7A1,0.0248,NON-INTERACTOR,Medium
CBFB,Q13951,0.0248,NON-INTERACTOR,Medium
GTPBP6,O43824,0.0247,NON-INTERACTOR,Medium
BLM,P54132,0.0247,NON-INTERACTOR,Medium
NFX1,Q12986,0.0247,NON-INTERACTOR,Medium
XPO4,Q9C0E2,0.0247,NON-INTERACTOR,Medium
SLC7A1,P30825,0.0245,NON-INTERACTOR,Medium
XIAP,P98170,0.0244,NON-INTERACTOR,Medium
FANCI,Q9NVI1,0.0243,NON-INTERACTOR,Medium
RNF121,Q9H920,0.0243,NON-INTERACTOR,Medium
GDI1,P31150,0.0242,NON-INTERACTOR,Medium
YWHAH,Q04917,0.0242,NON-INTERACTOR,Medium
FANCC,Q00597,0.0241,NON-INTERACTOR,Medium
FAN1,Q9Y2M0,0.0241,NON-INTERACTOR,Medium
DYNC2I1,Q8WVS4,0.024,NON-INTERACTOR,Medium
RNF166,Q96A37,0.024,NON-INTERACTOR,Medium
GEN1,Q17RS7,0.0239,NON-INTERACTOR,Medium
KIF20B,Q96Q89,0.0239,NON-INTERACTOR,Medium
MPDU1,O75352,0.0239,NON-INTERACTOR,Medium
DEK,P35659,0.0239,NON-INTERACTOR,Medium
QTRT2,Q9H974,0.0238,NON-INTERACTOR,Medium
CCDC14,Q49A88,0.0236,NON-INTERACTOR,Medium
FANCD2,Q9BXW9,0.0236,NON-INTERACTOR,Medium
JAM3,Q9BX67,0.0236,NON-INTERACTOR,Medium
MAP3K4,Q9Y6R4,0.0236,NON-INTERACTOR,Medium
NF1,P21359,0.0236,NON-INTERACTOR,Medium
DCUN1D5,Q9BTE7,0.0235,NON-INTERACTOR,Medium
METTL2B,Q6P1Q9,0.0234,NON-INTERACTOR,Medium
PLXNA4,Q9HCM2,0.0233,NON-INTERACTOR,Medium
HMGN1,P05114,0.0233,NON-INTERACTOR,Medium
SLC37A3,Q8NCC5,0.0232,NON-INTERACTOR,Medium
ATRX,P46100,0.0232,NON-INTERACTOR,Medium
HASPIN,Q8TF76,0.0232,NON-INTERACTOR,Medium
HDGFL3,Q9Y3E1,0.0231,NON-INTERACTOR,Medium
NAA60,Q9H7X0,0.0231,NON-INTERACTOR,Medium
LIG1,Q96JA1,0.0231,NON-INTERACTOR,Medium
DNASE1,P24855,0.023,NON-INTERACTOR,Medium
MED24,O75448,0.0229,NON-INTERACTOR,Medium
RER1,O15258,0.0229,NON-INTERACTOR,Medium
INPP5K,Q9BT40,0.0228,NON-INTERACTOR,Medium
MKI67,P46013,0.0227,NON-INTERACTOR,Medium
ERAL1,O75616,0.0226,NON-INTERACTOR,Medium
ADIPOR2,Q86V24,0.0226,NON-INTERACTOR,Medium
CTNS,O60931,0.0225,NON-INTERACTOR,Medium
ATPAF2,Q8N5M1,0.0225,NON-INTERACTOR,Medium
WDR4,P57081,0.0225,NON-INTERACTOR,Medium
COQ5,Q5HYK3,0.0224,NON-INTERACTOR,Medium
XPO7,Q9UIA9,0.0224,NON-INTERACTOR,Medium
CIP2A,Q8TCG1,0.0224,NON-INTERACTOR,Medium
ABHD3,Q8WU67,0.0224,NON-INTERACTOR,Medium
VPS39,Q96JC1,0.0224,NON-INTERACTOR,Medium
ZBTB40,Q9NUA8,0.0223,NON-INTERACTOR,Medium
KLHL42,Q9P2K6,0.0223,NON-INTERACTOR,Medium
TECTA,O75443,0.0223,NON-INTERACTOR,Medium
SLC66A1,Q6ZP29,0.0222,NON-INTERACTOR,Medium
EXOG,Q9Y2C4,0.0222,NON-INTERACTOR,Medium
ZNF48,Q96MX3,0.0221,NON-INTERACTOR,Medium
ZZEF1,O43149,0.0221,NON-INTERACTOR,Medium
MCCC1,Q96RQ3,0.022,NON-INTERACTOR,Medium
G2E3,Q7L622,0.0219,NON-INTERACTOR,Medium
ZSCAN25,Q6NSZ9,0.0219,NON-INTERACTOR,Medium
PEX26,Q7Z412,0.0219,NON-INTERACTOR,Medium
EFNA2,O43921,0.0219,NON-INTERACTOR,Medium
LMNB1,P20700,0.0218,NON-INTERACTOR,Medium
LMNB2,Q03252,0.0217,NON-INTERACTOR,Medium
TANGO2,Q6ICL3,0.0217,NON-INTERACTOR,Medium
TPP2,P29144,0.0217,NON-INTERACTOR,Medium
GMNN,O75496,0.0217,NON-INTERACTOR,Medium
QRSL1,Q9H0R6,0.0216,NON-INTERACTOR,Medium
TMEM19,Q96HH6,0.0215,NON-INTERACTOR,Medium
DCUN1D4,Q92564,0.0215,NON-INTERACTOR,Medium
FSD1,Q9BTV5,0.0214,NON-INTERACTOR,Medium
RAD51AP1,Q96B01,0.0213,NON-INTERACTOR,Medium
CEP83,Q9Y592,0.0212,NON-INTERACTOR,Medium
HACD3,Q9P035,0.0212,NON-INTERACTOR,Medium
DDX31,Q9H8H2,0.0212,NON-INTERACTOR,Medium
CMC2,Q9NRP2,0.0212,NON-INTERACTOR,Medium
LARP7,Q4G0J3,0.0212,NON-INTERACTOR,Medium
RBM12,Q9NTZ6,0.0211,NON-INTERACTOR,Medium
ARL6IP1,Q15041,0.0211,NON-INTERACTOR,Medium
MSH2,P43246,0.0211,NON-INTERACTOR,Medium
ARMC6,Q6NXE6,0.0211,NON-INTERACTOR,Medium
MASP2,O00187,0.021,NON-INTERACTOR,Medium
SPATA33,Q96N06,0.021,NON-INTERACTOR,Medium
SPRING1,Q9H741,0.021,NON-INTERACTOR,Medium
SCO1,O75880,0.0209,NON-INTERACTOR,Medium
VCF1,Q969W3,0.0209,NON-INTERACTOR,Medium
KEAP1,Q14145,0.0209,NON-INTERACTOR,Medium
HERC1,Q15751,0.0209,NON-INTERACTOR,Medium
TXLNA,P40222,0.0208,NON-INTERACTOR,Medium
RECQL,P46063,0.0208,NON-INTERACTOR,Medium
POGLUT1,Q8NBL1,0.0208,NON-INTERACTOR,Medium
CEP128,Q6ZU80,0.0208,NON-INTERACTOR,Medium
STAG2,Q8N3U4,0.0207,NON-INTERACTOR,Medium
ABCC4,O15439,0.0207,NON-INTERACTOR,Medium
ZNF142,P52746,0.0207,NON-INTERACTOR,Medium
SRSF9,Q13242,0.0207,NON-INTERACTOR,Medium
TASOR2,Q5VWN6,0.0207,NON-INTERACTOR,Medium
THUMPD3,Q9BV44,0.0206,NON-INTERACTOR,Medium
DHRS7B,Q6IAN0,0.0205,NON-INTERACTOR,Medium
VAV2,P52735,0.0204,NON-INTERACTOR,Medium
DPH7,Q9BTV6,0.0204,NON-INTERACTOR,Medium
PGBD1,Q96JS3,0.0204,NON-INTERACTOR,Medium
ICMT,O60725,0.0203,NON-INTERACTOR,Medium
KLHL8,Q9P2G9,0.0202,NON-INTERACTOR,Medium
FIRRM,Q9NSG2,0.0201,NON-INTERACTOR,Medium
TXLNG,Q9NUQ3,0.0201,NON-INTERACTOR,Medium
FBXW2,Q9UKT8,0.0201,NON-INTERACTOR,Medium
PITPNB,P48739,0.02,NON-INTERACTOR,Medium
SMYD4,Q8IYR2,0.0198,NON-INTERACTOR,Medium
ZFYVE16,Q7Z3T8,0.0198,NON-INTERACTOR,Medium
MTRR,Q9UBK8,0.0198,NON-INTERACTOR,Medium
GJC1,Q8N144,0.0197,NON-INTERACTOR,Medium
ZBED4,O75132,0.0196,NON-INTERACTOR,Medium
GART,P22102,0.0196,NON-INTERACTOR,Medium
SCAF11,Q99590,0.0196,NON-INTERACTOR,Medium
XNDC1N,Q6ZNB5,0.0195,NON-INTERACTOR,Medium
AKAP11,Q9UKA4,0.0194,NON-INTERACTOR,Medium
GTSE1,Q9NYZ3,0.0194,NON-INTERACTOR,Medium
ABCB10,Q9NRK6,0.0193,NON-INTERACTOR,Medium
NSRP1,Q9H0G5,0.0192,NON-INTERACTOR,Medium
CEP295,Q9C0D2,0.0191,NON-INTERACTOR,Medium
POLQ,O75417,0.0191,NON-INTERACTOR,Medium
CENPQ,Q7L2Z9,0.019,NON-INTERACTOR,Medium
NSUN6,Q8TEA1,0.019,NON-INTERACTOR,Medium
TTC19,Q6DKK2,0.019,NON-INTERACTOR,Medium
ERCC6L2,Q5T890,0.019,NON-INTERACTOR,Medium
DPY19L3,Q6ZPD9,0.0189,NON-INTERACTOR,Medium
ANKRD26,Q9UPS8,0.0189,NON-INTERACTOR,Medium
DSCC1,Q9BVC3,0.0189,NON-INTERACTOR,Medium
DHRS13,Q6UX07,0.0189,NON-INTERACTOR,Medium
SCAF1,O14548,0.0188,NON-INTERACTOR,Medium
SREK1,Q8WXA9,0.0188,NON-INTERACTOR,Medium
FAM227A,F5H4B4,0.0188,NON-INTERACTOR,Medium
CEP290,O15078,0.0187,NON-INTERACTOR,Medium
ARPC5L,Q9BPX5,0.0185,NON-INTERACTOR,Medium
TEX15,Q9BXT5,0.0185,NON-INTERACTOR,Medium
PDSS1,Q5T2R2,0.0185,NON-INTERACTOR,Medium
TMOD4,Q9NZQ9,0.0184,NON-INTERACTOR,Medium
MICU2,Q8IYU8,0.0184,NON-INTERACTOR,Medium
SRRD,Q9UH36,0.0183,NON-INTERACTOR,Medium
PALB2,Q86YC2,0.0183,NON-INTERACTOR,Medium
BID,P55957,0.0183,NON-INTERACTOR,Medium
IREB2,P48200,0.0183,NON-INTERACTOR,Medium
CKAP2L,Q8IYA6,0.0183,NON-INTERACTOR,Medium
KLRG1,Q96E93,0.0183,NON-INTERACTOR,Medium
CCDC91,Q7Z6B0,0.0183,NON-INTERACTOR,Medium
MPHOSPH8,Q99549,0.0183,NON-INTERACTOR,Medium
ZNF319,Q9P2F9,0.0182,NON-INTERACTOR,Medium
DERL2,Q9GZP9,0.0182,NON-INTERACTOR,Medium
ANKFY1,Q9P2R3,0.0182,NON-INTERACTOR,Medium
FASTKD1,Q53R41,0.0181,NON-INTERACTOR,Medium
PMCH,P20382,0.0181,NON-INTERACTOR,Medium
CPLANE1,Q9H799,0.0181,NON-INTERACTOR,Medium
RCBTB1,Q8NDN9,0.0181,NON-INTERACTOR,Medium
ZWILCH,Q9H900,0.018,NON-INTERACTOR,Medium
MIEF1,L0R8F8,0.018,NON-INTERACTOR,Medium
PARPBP,Q9NWS1,0.0179,NON-INTERACTOR,Medium
MCUR1,Q96AQ8,0.0178,NON-INTERACTOR,Medium
NAA16,Q6N069,0.0178,NON-INTERACTOR,Medium
THOP1,P52888,0.0176,NON-INTERACTOR,Medium
HROB,Q8N3J3,0.0176,NON-INTERACTOR,Medium
SCRN3,Q0VDG4,0.0176,NON-INTERACTOR,Medium
PDS5A,Q29RF7,0.0176,NON-INTERACTOR,Medium
ODF2,Q5BJF6,0.0176,NON-INTERACTOR,Medium
IPO8,O15397,0.0175,NON-INTERACTOR,Medium
RHEBL1,Q8TAI7,0.0175,NON-INTERACTOR,Medium
ZACN,Q401N2,0.0175,NON-INTERACTOR,Medium
SLC35B4,Q969S0,0.0174,NON-INTERACTOR,Medium
LTN1,O94822,0.0173,NON-INTERACTOR,Medium
ZNF202,O95125,0.0173,NON-INTERACTOR,Medium
ETNK1,Q9HBU6,0.0172,NON-INTERACTOR,Medium
ZNF764,Q96H86,0.0172,NON-INTERACTOR,Medium
MTG1,Q9BT17,0.0172,NON-INTERACTOR,Medium
ATAD5,Q96QE3,0.0172,NON-INTERACTOR,Medium
MTNAP1,Q9BSJ5,0.0172,NON-INTERACTOR,Medium
KLHL25,Q9H0H3,0.0172,NON-INTERACTOR,Medium
ZNF771,Q7L3S4,0.0171,NON-INTERACTOR,Medium
UBXN4,Q92575,0.0171,NON-INTERACTOR,Medium
NIPA2,Q8N8Q9,0.017,NON-INTERACTOR,Medium
AKAP5,P24588,0.017,NON-INTERACTOR,Medium
CEP152,O94986,0.017,NON-INTERACTOR,Medium
AASDH,Q4L235,0.0169,NON-INTERACTOR,Medium
AADAT,Q8N5Z0,0.0169,NON-INTERACTOR,Medium
NUDT15,Q9NV35,0.0168,NON-INTERACTOR,Medium
FAM161A,Q3B820,0.0168,NON-INTERACTOR,Medium
VSIG10,Q8N0Z9,0.0167,NON-INTERACTOR,Medium
ZC3H13,Q5T200,0.0167,NON-INTERACTOR,Medium
HNRNPH3,P31942,0.0167,NON-INTERACTOR,Medium
KRBA2,Q6ZNG9,0.0167,NON-INTERACTOR,Medium
ATRAID,Q6UW56,0.0166,NON-INTERACTOR,Medium
P2RY11,Q96G91,0.0166,NON-INTERACTOR,Medium
PGP,A6NDG6,0.0166,NON-INTERACTOR,Medium
ZNF213,O14771,0.0166,NON-INTERACTOR,Medium
MBD4,O95243,0.0166,NON-INTERACTOR,Medium
XRCC2,O43543,0.0165,NON-INTERACTOR,Medium
TRA2A,Q13595,0.0165,NON-INTERACTOR,Medium
AMDHD2,Q9Y303,0.0164,NON-INTERACTOR,Medium
TMEM140,Q9NV12,0.0164,NON-INTERACTOR,Medium
NEB,P20929,0.0164,NON-INTERACTOR,Medium
CHAMP1,Q96JM3,0.0164,NON-INTERACTOR,Medium
ZSCAN29,Q8IWY8,0.0163,NON-INTERACTOR,Medium
GLOD4,Q9HC38,0.0163,NON-INTERACTOR,Medium
AKAP9,Q99996,0.0163,NON-INTERACTOR,Medium
BTN2A1,Q7KYR7,0.0163,NON-INTERACTOR,Medium
CDK5RAP2,Q96SN8,0.0163,NON-INTERACTOR,Medium
ZMYM1,Q5SVZ6,0.0162,NON-INTERACTOR,Medium
BRI3BP,Q8WY22,0.0162,NON-INTERACTOR,Medium
AKAP13,Q12802,0.0162,NON-INTERACTOR,Medium
ZGRF1,Q86YA3,0.0161,NON-INTERACTOR,Medium
SACS,Q9NZJ4,0.0161,NON-INTERACTOR,Medium
PCNT,O95613,0.0161,NON-INTERACTOR,Medium
DNAJC24,Q6P3W2,0.016,NON-INTERACTOR,Medium
SFI1,A8K8P3,0.016,NON-INTERACTOR,Medium
HNRNPA2B1,P22626,0.016,NON-INTERACTOR,Medium
BOD1L1,Q8NFC6,0.016,NON-INTERACTOR,Medium
SCLT1,Q96NL6,0.016,NON-INTERACTOR,Medium
FAM120B,Q96EK7,0.016,NON-INTERACTOR,Medium
CASD1,Q96PB1,0.0158,NON-INTERACTOR,Medium
CENPU,Q71F23,0.0158,NON-INTERACTOR,Medium
SGO2,Q562F6,0.0157,NON-INTERACTOR,Medium
CCDC15,Q0P6D6,0.0155,NON-INTERACTOR,Medium
DDIAS,Q8IXT1,0.0153,NON-INTERACTOR,Medium
CBX5,P45973,0.0153,NON-INTERACTOR,Medium
NPIPB5,A8MRT5,0.0152,NON-INTERACTOR,Medium
PRR14L,Q5THK1,0.0152,NON-INTERACTOR,Medium
MDC1,Q14676,0.0151,NON-INTERACTOR,Medium
ZNF689,Q96CS4,0.0151,NON-INTERACTOR,Medium
SRSF4,Q08170,0.0151,NON-INTERACTOR,Medium
SLC38A1,Q9H2H9,0.015,NON-INTERACTOR,Medium
BRME1,Q0VDD7,0.015,NON-INTERACTOR,Medium
KNOP1,Q1ED39,0.015,NON-INTERACTOR,Medium
SKIC3,Q6PGP7,0.0149,NON-INTERACTOR,Medium
TRIM26,Q12899,0.0148,NON-INTERACTOR,Medium
ZNF696,Q9H7X3,0.0148,NON-INTERACTOR,Medium
FAHD1,Q6P587,0.0148,NON-INTERACTOR,Medium
SPG11,Q96JI7,0.0147,NON-INTERACTOR,Medium
G6PC3,Q9BUM1,0.0147,NON-INTERACTOR,Medium
SRSF8,Q9BRL6,0.0146,NON-INTERACTOR,Medium
TSSK6,Q9BXA6,0.0146,NON-INTERACTOR,Medium
ALG10B,Q5I7T1,0.0146,NON-INTERACTOR,Medium
PTMS,P20962,0.0146,NON-INTERACTOR,Medium
ZNF786,Q8N393,0.0145,NON-INTERACTOR,Medium
ZNF74,Q16587,0.0144,NON-INTERACTOR,Medium
ZNF594,Q96JF6,0.0143,NON-INTERACTOR,Medium
ELMOD2,Q8IZ81,0.0143,NON-INTERACTOR,Medium
CCDC150,Q8NCX0,0.0142,NON-INTERACTOR,Medium
NBPF20,P0DPF2,0.0142,NON-INTERACTOR,Medium
ZNF623,O75123,0.0142,NON-INTERACTOR,Medium
FADS2,O95864,0.0141,NON-INTERACTOR,Medium
CBX1,P83916,0.0139,NON-INTERACTOR,Medium
ASB8,Q9H765,0.0139,NON-INTERACTOR,Medium
ZKSCAN2,Q63HK3,0.0138,NON-INTERACTOR,Medium
ZNF286A,Q9HBT8,0.0138,NON-INTERACTOR,Medium
PITPNA,Q00169,0.0138,NON-INTERACTOR,Medium
CHRAC1,Q9NRG0,0.0138,NON-INTERACTOR,Medium
HIRIP3,Q9BW71,0.0137,NON-INTERACTOR,Medium
ZNF778,Q96MU6,0.0137,NON-INTERACTOR,Medium
ZNF707,Q96C28,0.0137,NON-INTERACTOR,Medium
ANP32A,P39687,0.0136,NON-INTERACTOR,Medium
ZNF780B,Q9Y6R6,0.0136,NON-INTERACTOR,Medium
ZNF664,Q8N3J9,0.0136,NON-INTERACTOR,Medium
ZNF605,Q86T29,0.0136,NON-INTERACTOR,Medium
ZNF473,Q8WTR7,0.0135,NON-INTERACTOR,Medium
HMGB3,O15347,0.0135,NON-INTERACTOR,Medium
FANCB,Q8NB91,0.0135,NON-INTERACTOR,Medium
ZNF43,P17038,0.0134,NON-INTERACTOR,Medium
ZNF519,Q8TB69,0.0134,NON-INTERACTOR,Medium
ZNF611,Q8N823,0.0134,NON-INTERACTOR,Medium
ZNF875,P10072,0.0133,NON-INTERACTOR,Medium
ZNF33A,Q06730,0.0133,NON-INTERACTOR,Medium
ZNF84,P51523,0.0133,NON-INTERACTOR,Medium
IQCC,Q4KMZ1,0.0133,NON-INTERACTOR,Medium
CCDC18,Q5T9S5,0.0133,NON-INTERACTOR,Medium
ZNF81,P51508,0.0132,NON-INTERACTOR,Medium
ZNF45,Q02386,0.0132,NON-INTERACTOR,Medium
WASHC4,Q2M389,0.0132,NON-INTERACTOR,Medium
ZNF234,Q14588,0.0131,NON-INTERACTOR,Medium
ZNF26,P17031,0.0131,NON-INTERACTOR,Medium
ZNF224,Q9NZL3,0.0131,NON-INTERACTOR,Medium
KMT2D,O14686,0.013,NON-INTERACTOR,Medium
TCOF1,Q13428,0.0126,NON-INTERACTOR,Medium
ZNF41,P51814,0.0125,NON-INTERACTOR,Medium
